entity,tp,fp,fn,precision,recall,f1,exact_match,evaluated_fields
train_number,169,0,3,1.0,0.9825581395348837,0.9912023460410557,0.9825581395348837,172
platform,83,3,0,0.9651162790697675,1.0,0.9822485207100593,0.9651162790697675,86
source,15,12,0,0.5555555555555556,1.0,0.7142857142857143,0.5555555555555556,27
destination,19,15,6,0.5588235294117647,0.76,0.6440677966101696,0.475,40
arrival_time,3,0,0,1.0,1.0,1.0,1.0,3
train_name,0,0,7,0,0.0,0,0.0,7
departure_time,3,0,0,1.0,1.0,1.0,1.0,3
delay_duration,32,0,0,1.0,1.0,1.0,1.0,32
new_platform,13,0,19,1.0,0.40625,0.5777777777777777,0.40625,32
old_platform,13,0,19,1.0,0.40625,0.5777777777777777,0.40625,32
